city_risk,rainfall,temperature,aqi,work_hours,season,disruption
0.59,0.14,0.49,0.36,9.58,0,0
0.79,0.46,0.39,0.28,4.01,0,0
0.82,0.8,0.4,0.98,10.88,0,1
0.62,0.43,0.49,0.23,9.47,1,0
0.76,0.34,0.39,0.2,7.84,1,0
0.62,0.97,0.96,0.85,9.97,1,1
0.65,0.06,0.78,0.07,4.07,0,0
0.85,0.56,0.34,0.21,10.33,0,0
0.63,0.13,0.4,0.28,10.53,0,0
0.52,0.33,0.02,0.81,10.35,0,1
0.36,0.45,0.56,0.16,8.07,0,0
0.62,0.79,0.14,0.68,8.83,1,1
0.54,0.68,0.38,0.01,8.9,1,0
0.87,0.49,0.44,0.75,9.99,0,0
0.47,0.65,0.77,0.18,8.19,0,0
0.76,0.85,0.17,0.34,8.32,0,1
0.77,1.0,0.6,0.06,9.81,0,1
0.68,0.48,0.67,0.2,6.95,0,0
0.69,0.98,0.46,0.08,11.47,1,1
0.34,0.41,0.28,0.38,10.0,0,0
0.88,0.01,0.08,0.26,7.53,1,0
0.37,0.69,0.37,0.34,4.92,1,0
0.37,0.02,0.14,0.05,9.59,0,0
0.42,0.0,0.8,0.06,10.97,0,0
0.37,0.25,0.49,0.47,10.55,0,0
0.67,0.55,0.6,0.84,9.24,1,1
0.41,0.47,0.68,0.96,5.89,1,1
0.82,0.85,0.51,0.24,7.15,0,1
0.37,0.22,0.39,0.71,11.94,1,0
0.71,0.51,0.58,0.34,8.16,1,0
0.35,0.84,0.66,0.9,4.62,1,1
0.76,0.39,0.31,0.67,7.33,0,0
0.59,0.71,0.52,0.8,11.97,1,1
0.53,0.82,0.43,0.87,7.5,0,1
0.31,0.94,0.41,0.17,5.41,0,1
0.79,0.33,0.51,0.5,7.99,0,0
0.38,0.45,1.0,0.8,9.81,1,1
0.41,0.51,0.95,0.94,11.78,0,1
0.5,0.64,0.31,0.22,5.73,0,0
0.65,0.19,0.89,0.73,5.54,1,1
0.74,0.31,0.94,0.99,6.1,1,1
0.41,0.78,0.9,0.28,4.15,1,1
0.83,0.65,0.44,0.59,6.79,1,0
0.46,0.55,0.68,0.52,6.23,1,0
0.71,0.36,0.87,0.75,9.55,0,1
0.6,0.16,0.2,0.1,4.88,0,0
0.4,0.38,0.68,0.68,8.36,1,0
0.51,0.12,0.16,0.79,7.27,1,0
0.44,0.05,0.26,0.02,9.97,0,0
0.49,0.28,0.63,0.99,9.99,0,1
0.62,0.05,0.95,0.53,4.78,1,1
0.81,0.53,0.31,0.68,10.5,0,0
0.43,0.92,0.34,0.34,8.4,1,1
0.66,0.62,0.31,0.1,4.12,1,0
0.5,0.36,0.36,0.01,10.89,0,0
0.4,0.85,0.86,0.09,6.5,0,1
0.74,0.79,0.63,0.51,7.58,1,1
0.4,0.71,0.85,0.54,7.45,0,1
0.33,0.5,0.72,0.21,7.13,1,0
0.87,0.48,0.77,0.01,4.06,0,0
0.67,0.58,0.12,0.72,5.16,0,0
0.88,0.42,0.66,0.58,6.93,0,0
0.34,0.01,0.04,0.01,7.46,1,0
0.74,1.0,0.75,0.12,4.99,0,1
0.35,0.71,0.05,0.5,5.32,1,1
0.87,0.94,0.07,1.0,4.16,0,1
0.63,0.86,0.54,0.19,4.28,0,1
0.71,0.07,0.6,0.12,10.98,1,0
0.75,0.86,0.04,0.72,4.23,0,1
0.85,0.24,0.07,0.0,6.06,1,0
0.73,0.14,0.63,0.24,9.6,1,0
0.59,0.01,0.43,0.48,9.26,0,0
0.46,0.1,0.37,0.55,4.7,0,0
0.75,0.1,0.17,0.87,4.68,0,1
0.73,0.14,0.87,0.9,10.76,1,1
0.33,0.09,0.66,0.45,10.35,1,0
0.72,0.48,0.14,0.4,10.99,0,0
0.5,0.01,0.41,0.59,10.15,0,0
0.48,0.34,0.66,0.32,9.07,1,0
0.57,0.84,0.74,0.7,7.95,0,1
0.58,0.22,0.13,0.44,9.82,0,0
0.52,0.28,0.28,0.5,4.47,0,0
0.31,0.73,0.32,0.79,9.96,1,1
0.87,0.49,0.24,0.52,6.13,1,0
0.66,0.81,0.42,0.14,7.31,1,1
0.58,0.79,0.41,0.96,7.81,0,1
0.57,0.62,0.81,0.55,4.21,0,0
0.78,0.84,0.52,0.9,11.01,1,1
0.66,0.56,0.86,0.86,9.92,0,1
0.5,0.11,0.47,0.83,8.79,0,1
0.33,0.35,0.05,0.55,8.58,0,0
0.82,0.35,0.86,0.71,5.04,0,1
0.31,0.83,0.8,0.7,6.16,0,1
0.72,0.01,0.16,0.94,5.32,1,1
0.47,0.01,0.58,0.41,9.23,0,0
0.39,0.02,0.01,0.37,5.84,1,0
0.66,0.65,0.62,0.99,10.85,0,1
0.32,0.48,0.04,0.82,10.98,1,1
0.71,0.14,0.5,0.78,9.66,0,0
0.56,0.13,0.31,0.3,7.07,1,0
0.37,0.39,0.14,0.27,4.09,1,0
0.49,0.79,0.88,0.54,4.55,1,1
0.47,0.99,0.44,0.33,6.63,0,1
0.59,0.87,0.48,0.07,4.92,1,1
0.35,0.72,0.03,0.47,8.28,0,1
0.77,0.36,0.52,0.28,6.37,1,0
0.33,0.62,0.4,0.67,8.8,0,0
0.64,0.06,0.47,0.17,7.47,0,0
0.63,0.17,0.55,0.81,11.86,1,1
0.65,0.1,0.54,0.86,4.99,0,1
0.42,0.49,0.34,0.79,8.52,0,0
0.33,0.17,0.13,0.77,11.42,1,0
0.38,0.58,0.42,0.78,5.44,0,0
0.36,0.72,0.61,0.73,6.72,0,1
0.47,0.97,0.51,0.53,9.62,0,1
0.72,0.43,0.02,0.66,8.95,1,0
0.55,0.24,0.35,0.48,4.28,0,0
0.82,0.61,0.39,0.02,9.13,0,0
0.66,0.26,0.01,0.75,6.83,1,0
0.32,0.25,0.1,0.05,5.08,0,0
0.78,0.9,0.2,0.09,10.06,1,1
0.62,0.03,0.61,0.68,9.8,1,0
0.55,0.4,0.78,0.29,10.91,0,0
0.67,0.07,0.83,0.01,9.68,0,0
0.57,0.46,0.19,0.53,8.09,0,0
0.56,0.34,0.68,0.16,9.39,0,0
0.39,0.09,0.78,0.03,7.69,0,0
0.32,0.59,0.95,0.82,7.76,0,1
0.62,0.32,0.34,0.44,10.73,0,0
0.78,0.43,0.22,0.97,9.0,1,1
0.45,0.46,0.58,0.51,5.65,0,0
0.87,0.8,0.93,0.76,10.38,0,1
0.4,0.71,0.28,0.73,7.57,0,1
0.89,0.24,0.2,0.67,9.3,1,0
0.76,0.98,0.63,0.52,7.35,1,1
0.56,0.75,0.54,0.59,4.39,0,1
0.54,0.5,0.82,0.46,10.02,1,0
0.48,0.58,0.22,0.52,5.67,0,0
0.48,0.29,0.65,0.4,7.37,1,0
0.71,0.54,0.66,0.24,6.01,1,0
0.49,0.74,0.08,0.95,7.24,0,1
0.58,0.72,0.25,0.57,5.83,0,1
0.89,0.07,0.32,0.18,9.71,1,0
0.78,0.26,0.88,0.71,9.77,1,1
0.39,0.44,0.29,0.11,10.56,1,0
0.49,0.79,0.28,0.11,10.63,0,1
0.41,0.84,0.05,0.83,6.02,0,1
0.56,0.18,0.9,0.55,4.52,0,1
0.44,0.89,0.3,0.62,9.3,0,1
0.37,0.19,0.84,0.26,4.47,1,0
0.67,0.03,0.68,0.18,7.86,1,0
0.41,0.72,0.94,0.48,5.83,0,1
0.38,0.26,0.45,0.19,5.18,1,0
0.74,0.52,0.58,0.3,7.33,1,0
0.78,0.94,0.31,0.01,8.17,0,1
0.75,0.88,0.74,0.89,8.82,0,1
0.44,0.57,0.25,0.85,6.19,0,1
0.42,0.46,0.21,0.09,8.7,0,0
0.4,0.45,0.06,0.6,6.23,0,0
0.31,0.95,0.14,0.45,9.86,1,1
0.65,0.2,0.01,0.5,7.73,1,0
0.63,0.84,0.91,0.82,11.41,0,1
0.61,0.66,0.23,0.12,7.11,1,0
0.84,0.31,0.42,0.17,11.72,0,0
0.39,0.39,0.03,0.08,5.37,0,0
0.8,0.56,0.16,0.34,6.41,1,0
0.32,0.26,0.86,0.24,9.45,1,1
0.78,0.35,0.84,0.23,5.93,0,0
0.88,0.48,0.99,0.78,7.26,1,1
0.83,0.92,0.34,0.9,7.72,1,1
0.82,0.6,0.94,0.57,5.86,0,1
0.89,0.7,0.74,0.76,4.06,0,0
0.72,0.52,0.43,0.62,6.78,1,0
0.46,0.22,0.11,0.04,7.07,0,0
0.76,0.54,0.46,0.87,5.16,1,1
0.7,0.35,0.23,0.4,11.19,0,0
0.74,0.61,0.38,0.42,11.4,0,0
0.82,0.49,0.32,0.55,10.18,1,0
0.73,0.19,0.42,0.74,4.48,0,0
0.78,0.53,0.92,0.88,10.94,0,1
0.39,0.71,0.62,0.55,5.85,1,1
0.66,0.5,0.19,0.2,4.92,0,0
0.83,0.83,0.69,0.43,6.93,0,1
0.43,0.87,0.19,0.28,6.17,0,1
0.62,0.51,0.67,0.49,11.45,1,0
0.6,0.97,0.11,0.8,5.56,0,1
0.78,0.94,0.94,0.24,9.97,1,1
0.59,0.74,0.72,0.25,10.05,0,1
0.9,0.34,0.73,0.0,5.54,1,0
0.57,0.73,0.16,0.9,7.26,1,1
0.52,0.4,0.14,0.74,4.14,0,0
0.8,0.46,0.13,0.28,8.16,1,0
0.73,0.11,0.41,0.75,5.01,1,0
0.65,0.45,0.58,0.41,6.46,0,0
0.68,0.19,0.35,0.79,11.63,0,0
0.58,0.81,0.21,0.81,6.44,1,1
0.69,0.81,0.22,0.89,7.13,0,1
0.86,0.93,0.18,0.18,6.81,1,1
0.49,0.84,0.24,0.12,11.81,1,1
0.87,0.33,0.12,0.28,8.24,1,0
0.39,0.72,0.2,0.39,7.32,1,1
0.56,0.28,0.1,0.63,7.4,0,0
0.68,0.06,0.16,0.59,9.49,1,0
0.46,0.37,0.83,0.89,6.19,0,1
0.5,0.84,0.06,0.88,10.93,0,1
0.64,0.74,0.56,0.91,10.36,0,1
0.81,0.34,0.34,0.79,6.62,1,0
0.47,0.24,0.66,0.31,4.91,0,0
0.6,0.29,0.24,0.15,8.73,0,0
0.57,0.78,0.82,0.8,8.51,0,1
0.87,0.03,0.08,0.85,4.05,0,1
0.68,0.81,0.06,0.44,11.73,1,1
0.76,0.19,0.9,0.12,7.32,1,1
0.43,0.22,0.93,0.46,9.23,1,1
0.69,0.39,0.05,0.72,8.05,0,0
0.55,0.52,0.01,0.92,4.98,1,1
0.53,0.05,0.16,0.06,5.5,1,0
0.32,0.51,0.8,0.73,4.04,0,0
0.67,0.85,0.98,0.86,8.06,0,1
0.52,0.99,0.26,0.75,6.42,0,1
0.66,0.7,0.25,0.43,4.95,1,0
0.7,0.25,0.89,0.82,11.64,1,1
0.71,0.52,0.7,0.97,4.53,1,1
0.62,0.71,0.28,0.1,5.49,0,1
0.37,0.59,0.0,0.05,5.62,1,0
0.83,0.8,0.36,0.75,8.74,1,1
0.86,0.55,0.04,0.82,5.74,1,1
0.55,0.58,0.52,0.56,5.19,0,0
0.38,0.2,0.94,0.78,4.12,0,1
0.39,0.75,0.79,0.25,6.43,1,1
0.64,1.0,0.79,0.94,4.46,1,1
0.84,0.34,0.21,0.91,4.04,1,1
0.6,0.69,0.82,0.82,10.92,0,1
0.58,0.61,0.33,0.41,10.78,0,0
0.89,0.06,0.74,0.76,10.09,1,0
0.89,0.9,0.01,0.05,4.5,0,1
0.82,0.15,0.24,0.33,6.41,0,0
0.57,0.59,0.9,0.37,7.79,1,1
0.35,0.96,0.01,0.62,4.01,1,1
0.64,0.57,0.42,0.33,9.2,0,0
0.5,0.21,0.16,0.82,7.86,0,1
0.72,0.76,0.42,0.04,10.99,1,1
0.35,0.04,0.62,0.67,8.57,1,0
0.65,0.62,0.65,0.54,11.11,0,0
0.31,0.51,0.15,0.42,10.76,0,0
0.42,0.13,0.29,0.1,4.6,0,0
0.34,0.16,0.39,0.91,11.55,0,1
0.42,0.21,0.2,0.89,5.58,1,1
0.3,0.48,0.96,0.46,6.91,0,1
0.56,0.17,0.41,0.4,5.52,1,0
0.44,0.87,0.58,0.93,7.42,0,1
0.85,0.73,0.58,0.07,11.63,0,1
0.79,0.56,0.32,0.59,4.98,1,0
0.61,0.96,0.48,0.49,11.41,1,1
0.9,0.83,0.89,0.31,9.38,1,1
0.5,0.15,0.44,0.49,10.43,0,0
0.76,0.62,0.91,0.77,10.22,1,1
0.58,0.26,0.16,0.16,8.72,0,0
0.62,0.24,0.67,0.66,10.75,0,0
0.77,0.87,0.04,0.04,9.56,0,1
0.53,0.57,0.63,0.42,9.69,1,0
0.87,0.28,0.87,0.94,8.6,1,1
0.77,0.37,0.44,0.17,9.59,0,0
0.78,0.52,0.1,0.05,4.08,1,0
0.75,0.41,0.07,0.43,9.1,0,0
0.35,0.65,0.03,0.29,11.26,0,0
0.52,0.24,0.17,0.53,6.75,0,0
0.33,0.47,0.56,0.96,10.91,1,1
0.45,0.04,0.58,0.99,5.58,0,1
0.6,0.33,0.23,0.77,6.12,1,0
0.46,0.25,0.22,0.65,7.48,0,0
0.47,0.55,0.21,0.94,9.26,0,1
0.55,0.9,0.87,0.03,4.35,0,1
0.48,0.27,0.73,0.3,7.79,0,0
0.83,0.85,0.47,0.91,8.33,1,1
0.44,0.18,0.9,0.22,7.64,1,1
0.76,0.12,0.21,0.63,5.04,1,0
0.62,0.48,0.37,0.93,8.32,0,1
0.56,0.72,0.04,0.75,7.72,1,1
0.35,0.78,0.55,0.28,9.14,1,1
0.83,0.69,0.63,0.43,7.75,1,0
0.36,0.31,0.98,0.64,11.5,1,1
0.62,0.36,0.41,0.96,4.44,1,1
0.55,0.46,0.61,0.01,11.8,1,0
0.36,0.69,0.18,0.67,4.96,0,0
0.32,0.32,0.87,0.55,9.5,0,1
0.49,0.15,0.09,0.45,9.49,1,0
0.75,0.12,0.75,0.06,5.83,1,0
0.51,0.36,0.49,0.69,6.63,1,0
0.42,0.42,0.79,0.86,6.02,1,1
0.76,0.31,0.87,0.19,11.96,1,1
0.35,0.09,0.98,0.76,11.73,0,1
0.65,0.35,0.34,0.84,10.92,0,1
0.8,0.05,0.05,0.0,5.22,1,0
0.62,0.07,0.23,0.54,5.57,0,0
0.43,0.29,0.86,0.35,11.38,1,1
0.64,0.4,0.78,0.4,11.33,1,0
0.71,0.02,0.7,0.27,4.38,0,0
0.37,0.51,0.83,0.29,6.97,1,0
0.51,0.0,0.63,0.67,6.09,0,0
0.68,0.09,0.33,0.84,8.54,0,1
0.32,0.11,0.59,0.8,5.28,1,0
0.45,0.08,0.82,0.28,11.56,1,0
0.8,0.98,0.91,0.24,8.44,0,1
0.48,0.15,0.2,0.3,5.04,1,0
0.68,0.68,0.7,0.26,8.9,1,0
0.86,0.69,0.23,0.6,6.51,0,0
0.33,0.8,0.06,0.05,11.18,0,1
0.8,0.88,0.24,0.41,5.7,1,1
0.67,0.95,0.15,0.79,4.26,1,1
0.89,0.4,1.0,0.17,4.44,0,1
0.4,0.13,0.36,0.12,11.27,1,0
0.76,0.11,0.3,0.47,5.95,0,0
0.35,0.47,0.55,0.32,4.8,1,0
0.36,0.73,0.52,0.81,7.16,1,1
0.63,0.41,0.46,0.88,8.99,0,1
0.73,0.99,0.16,0.11,4.98,1,1
0.75,0.16,0.98,0.81,5.63,1,1
0.38,0.15,0.55,0.58,7.26,0,0
0.39,0.72,0.65,0.38,10.4,1,1
0.59,0.07,0.69,0.42,4.43,1,0
0.88,0.56,0.56,0.57,4.74,0,0
0.79,0.82,0.93,0.35,9.77,1,1
0.38,0.55,0.04,0.58,11.24,1,0
0.55,0.62,0.82,0.65,4.37,1,0
0.44,0.89,0.58,0.45,7.28,0,1
0.76,0.64,0.33,0.11,8.83,1,0
0.69,0.39,0.82,0.56,6.03,1,0
0.86,0.88,0.08,0.97,4.35,1,1
0.45,0.72,0.81,0.48,11.78,0,1
0.84,0.11,0.07,0.84,6.67,0,1
0.38,0.25,0.52,0.44,8.62,0,0
0.72,0.42,0.49,0.07,7.61,0,0
0.45,0.16,0.5,1.0,11.12,0,1
0.45,0.55,0.14,0.03,11.31,0,0
0.66,0.31,0.3,0.32,11.26,0,0
0.74,0.66,0.39,0.04,4.55,1,0
0.54,0.55,0.18,0.18,4.56,0,0
0.86,0.73,0.97,0.66,9.02,1,1
0.31,0.6,0.23,0.95,9.16,0,1
0.61,0.48,0.96,0.62,4.19,1,1
0.8,0.48,0.89,0.81,6.56,0,1
0.51,0.31,0.14,0.85,4.13,0,1
0.6,0.12,0.81,0.32,6.51,0,0
0.34,0.9,0.76,0.11,7.38,1,1
0.38,0.28,0.34,0.06,6.64,1,0
0.52,0.37,0.71,0.96,5.5,1,1
0.87,0.19,0.48,0.55,11.03,0,0
0.31,0.49,0.99,0.51,5.86,1,1
0.38,0.26,0.16,0.76,9.23,0,0
0.76,0.87,0.03,0.48,8.8,0,1
0.66,0.52,0.4,0.57,5.59,1,0
0.76,0.75,0.82,0.37,9.9,1,1
0.84,0.84,0.76,0.89,4.47,0,1
0.71,0.55,0.62,0.78,4.13,0,0
0.79,0.15,0.64,0.33,5.12,1,0
0.73,0.98,1.0,0.5,5.99,0,1
0.64,0.55,0.26,0.21,7.54,1,0
0.34,0.73,0.23,0.19,11.7,0,1
0.43,0.39,0.9,0.31,8.47,0,1
0.33,0.22,0.51,0.8,4.66,0,0
0.54,0.75,0.8,0.09,5.09,0,1
0.48,0.93,0.63,0.47,4.75,1,1
0.46,0.67,0.68,0.08,10.48,0,0
0.38,0.33,0.32,0.41,8.61,0,0
0.44,0.58,0.79,0.71,8.15,0,0
0.89,0.76,0.47,0.14,10.89,0,1
0.65,0.03,0.97,0.83,11.22,1,1
0.52,0.5,0.3,0.61,11.57,1,0
0.77,0.94,0.05,0.13,6.17,1,1
0.57,0.97,0.61,0.93,8.61,0,1
0.8,0.89,0.56,0.97,8.51,0,1
0.72,0.36,0.88,0.95,5.34,1,1
0.46,0.05,0.56,0.03,10.01,0,0
0.53,0.76,0.33,0.49,5.0,1,1
0.54,0.78,0.05,0.91,11.41,0,1
0.79,0.45,0.84,0.43,11.48,1,0
0.88,0.2,0.76,0.92,8.31,0,1
0.52,0.39,0.39,0.46,8.9,0,0
0.77,0.51,0.74,0.37,10.85,0,0
0.72,0.74,0.75,0.92,10.18,0,1
0.36,0.57,0.04,0.39,5.09,1,0
0.72,0.34,0.39,0.77,4.16,1,0
0.64,0.67,0.81,0.89,9.22,1,1
0.46,0.46,0.59,0.21,10.87,1,0
0.87,0.91,0.42,0.99,4.9,1,1
0.64,0.37,0.11,0.2,6.77,1,0
0.67,0.96,0.53,0.72,6.92,0,1
0.5,0.38,0.18,0.53,11.19,0,0
0.4,0.7,0.09,0.63,8.46,1,0
0.42,0.34,0.93,0.16,10.06,0,1
0.32,0.31,0.16,0.43,7.63,0,0
0.77,0.09,0.32,0.45,11.15,0,0
0.83,0.05,0.19,0.64,11.92,0,0
0.76,0.63,0.97,0.05,9.67,0,1
0.59,0.34,0.02,0.89,4.26,1,1
0.63,0.34,0.92,0.01,10.68,1,1
0.63,0.19,0.33,0.92,11.01,1,1
0.7,0.02,0.01,0.04,8.58,1,0
0.3,0.31,0.64,0.34,5.16,0,0
0.41,0.35,0.7,0.29,4.38,0,0
0.48,0.4,0.35,0.81,6.62,1,1
0.34,0.06,0.95,0.28,11.49,1,1
0.42,0.05,0.85,0.85,11.83,0,1
0.43,0.63,0.78,0.4,9.58,0,0
0.32,0.59,0.91,0.82,11.0,1,1
0.31,0.74,0.99,0.59,9.86,0,1
0.56,0.81,0.05,0.48,4.14,0,1
0.4,0.1,0.61,0.38,11.14,0,0
0.81,0.76,0.27,0.62,4.13,0,1
0.58,0.58,0.82,0.25,9.44,0,0
0.77,0.22,0.61,0.82,8.97,1,1
0.75,0.43,0.68,0.84,6.16,0,1
0.66,0.07,0.76,0.17,11.95,0,0
0.64,0.43,0.17,0.42,11.55,0,0
0.37,0.15,0.48,0.57,5.7,0,0
0.55,0.45,0.75,0.51,5.66,0,0
0.56,0.13,0.54,0.56,4.9,1,0
0.42,0.17,0.71,0.75,10.94,0,0
0.66,0.69,0.23,0.93,11.37,1,1
0.48,0.25,0.94,0.18,5.06,0,1
0.5,0.46,0.16,0.94,6.92,0,1
0.86,0.86,0.66,0.17,6.8,0,1
0.41,0.03,0.03,0.82,10.21,0,1
0.78,0.0,0.26,0.57,4.26,1,0
0.53,0.45,0.12,0.73,8.08,0,0
0.86,0.25,0.01,0.75,9.58,0,0
0.39,0.17,0.08,0.98,8.5,1,1
0.34,0.44,0.72,0.64,5.73,1,0
0.73,0.89,0.25,0.06,4.97,1,1
0.85,0.2,0.2,0.82,5.56,0,1
0.67,0.58,0.33,0.95,4.85,0,1
0.47,0.87,0.16,0.03,11.82,0,1
0.61,0.16,0.93,0.74,7.69,1,1
0.39,0.38,0.09,0.32,9.56,0,0
0.88,0.64,0.16,0.92,5.38,1,1
0.33,0.85,0.69,0.85,6.2,0,1
0.35,0.13,0.69,0.2,4.07,0,0
0.63,0.64,0.11,0.88,9.84,0,1
0.74,0.53,0.22,0.89,4.93,1,1
0.56,0.27,0.85,0.39,8.79,0,0
0.69,0.26,0.8,0.67,6.16,0,0
0.81,0.13,0.15,0.52,4.98,0,0
0.33,0.42,0.59,0.57,8.82,0,0
0.8,0.68,0.03,0.83,11.86,1,1
0.39,0.71,0.09,0.22,11.34,0,1
0.45,0.14,0.44,0.75,11.65,1,0
0.72,0.98,0.07,0.41,8.33,1,1
0.81,0.72,0.64,0.16,4.42,0,1
0.31,0.04,0.02,0.04,7.14,1,0
0.4,0.89,0.93,0.35,7.37,0,1
0.61,0.48,0.23,0.52,5.87,1,0
0.81,0.7,0.57,0.18,4.39,1,0
0.79,0.78,0.94,0.43,7.25,0,1
0.8,0.74,0.67,0.31,6.12,0,1
0.77,1.0,0.82,0.06,11.21,1,1
0.68,0.4,0.01,0.04,8.16,1,0
0.52,0.12,0.98,0.81,9.42,1,1
0.44,0.12,0.45,0.66,6.61,1,0
0.72,0.95,0.23,0.73,6.81,1,1
0.55,0.27,0.91,0.89,6.51,1,1
0.44,0.62,0.36,0.05,6.73,0,0
0.78,0.71,0.92,0.58,4.06,0,1
0.69,0.13,0.2,0.73,10.39,1,0
0.79,0.21,0.28,0.43,4.67,0,0
0.84,0.5,0.02,0.16,6.35,0,0
0.81,0.56,0.29,0.53,11.72,1,0
0.77,0.04,0.88,0.66,11.42,0,1
0.84,0.62,0.08,0.24,4.72,0,0
0.73,0.86,0.52,0.11,4.97,1,1
0.87,0.38,0.41,0.59,5.03,1,0
0.78,0.31,0.26,0.25,9.24,0,0
0.38,0.57,0.66,0.65,6.68,1,0
0.44,0.01,0.24,0.92,7.75,1,1
0.67,0.11,0.31,0.63,6.82,1,0
0.87,0.5,0.18,0.06,8.83,0,0
0.75,0.23,0.66,0.17,4.26,0,0
0.83,0.21,0.08,0.81,11.56,0,1
0.5,0.73,0.43,0.71,6.59,1,1
0.71,0.92,0.32,0.21,5.43,1,1
0.64,0.4,0.23,0.38,11.82,1,0
0.36,0.0,0.46,0.23,5.43,0,0
0.57,0.1,0.77,1.0,9.35,0,1
0.6,0.65,0.55,0.2,4.44,0,0
0.45,0.28,0.65,0.26,8.42,1,0
0.77,0.62,0.88,0.82,4.43,0,1
0.62,0.1,0.29,0.63,8.17,1,0
0.59,0.16,0.21,0.69,8.48,1,0
0.65,0.35,0.19,0.15,5.71,0,0
0.66,0.79,0.74,0.93,8.64,1,1
0.49,0.86,0.63,0.08,4.24,1,1
0.67,0.81,0.26,0.17,6.73,1,1
0.6,0.4,0.72,0.5,8.58,1,0
0.59,0.03,0.05,0.07,4.64,1,0
0.84,0.15,0.59,0.37,5.8,1,0
0.61,0.47,0.8,0.89,4.07,0,1
0.8,0.27,0.72,0.75,10.65,1,0
0.51,0.19,0.25,0.5,10.46,1,0
0.38,0.61,0.58,0.72,4.99,0,0
0.41,0.36,0.2,0.42,7.4,0,0
0.45,0.83,0.03,0.8,5.14,1,1
0.76,0.57,0.02,0.94,5.93,0,1
0.82,0.56,0.8,0.09,7.23,1,0
0.33,0.39,0.11,0.66,4.22,0,0
0.53,0.51,0.53,0.12,4.89,1,0
0.53,0.14,0.24,0.41,7.92,0,0
0.71,0.17,0.98,0.72,4.29,1,1
0.87,0.07,0.98,0.17,6.64,0,1
0.4,0.45,0.15,0.22,4.38,0,0
0.86,0.13,0.73,0.12,7.1,0,0
0.75,0.88,0.1,0.88,8.42,1,1
0.48,0.76,0.66,0.42,8.63,0,1
0.39,0.19,0.94,0.06,6.63,0,1
0.32,0.17,0.86,0.06,5.34,1,1
0.87,0.71,0.51,0.05,10.05,0,1
0.75,0.4,0.2,0.5,6.55,0,0
0.75,0.71,0.14,0.7,5.96,1,1
0.83,0.94,0.09,0.51,4.1,1,1
0.72,0.35,0.52,0.18,9.16,1,0
0.45,0.83,0.33,0.09,11.7,0,1
0.41,0.3,0.1,0.86,7.33,1,1
0.9,0.75,0.19,0.04,11.07,1,1
0.71,0.53,0.07,0.66,7.69,0,0
0.32,0.69,0.03,0.38,10.4,1,0
0.53,0.97,0.81,0.94,5.11,1,1
0.68,0.58,0.75,0.64,11.77,0,0
0.65,0.68,0.41,0.7,7.92,0,0
0.55,0.82,0.15,0.36,9.03,1,1
0.39,0.65,0.61,0.35,5.86,0,0
0.87,0.8,0.81,0.51,6.5,0,1
0.53,0.76,0.66,0.73,4.57,1,1
0.64,0.59,0.73,0.93,8.46,0,1
0.34,0.89,0.86,0.63,4.49,1,1
0.62,0.12,0.24,0.65,10.64,0,0
0.61,0.09,0.68,0.88,5.69,1,1
0.64,0.5,0.49,0.89,4.43,0,1
0.66,0.57,0.56,0.24,7.05,0,0
0.88,0.02,0.55,0.41,10.77,0,0
0.65,0.05,0.4,0.99,4.32,1,1
0.41,0.01,0.81,0.54,5.65,0,0
0.44,0.34,0.39,0.57,6.54,0,0
0.38,0.66,0.2,0.42,9.12,1,0
0.89,0.48,0.54,0.31,7.55,0,0
0.6,0.78,0.89,0.51,8.42,1,1
0.61,0.6,0.01,0.39,11.77,1,0
0.72,0.13,0.96,0.6,10.6,0,1
0.65,0.32,0.81,0.7,8.59,0,0
0.34,0.47,0.06,0.85,8.83,0,1
0.47,0.99,0.95,0.28,4.83,0,1
0.38,0.89,0.05,0.25,7.49,0,1
0.75,0.33,0.4,0.47,10.49,1,0
0.74,0.27,0.38,0.24,7.08,1,0
0.36,0.84,0.15,0.75,8.04,1,1
0.61,0.42,0.35,0.19,6.09,0,0
0.87,0.14,0.37,0.67,4.33,0,0
0.62,0.18,0.77,0.65,11.91,0,0
0.53,0.47,0.0,0.65,5.91,1,0
0.63,0.12,0.08,0.14,9.5,0,0
0.47,0.87,0.34,0.07,10.61,1,1
0.33,0.18,0.91,0.06,6.09,1,1
0.84,0.85,0.2,0.89,4.28,0,1
0.63,0.98,0.29,0.38,7.6,0,1
0.56,0.34,0.13,0.99,8.73,1,1
0.48,0.52,0.39,0.32,9.38,1,0
0.84,0.43,0.02,0.26,10.84,1,0
0.68,0.92,0.78,0.71,10.4,1,1
0.87,0.76,0.3,0.36,8.61,1,1
0.77,0.22,0.88,0.11,5.02,0,1
0.51,0.18,0.43,0.16,5.57,0,0
0.79,0.42,0.93,0.36,11.46,0,1
0.66,0.1,0.49,0.47,8.75,0,0
0.88,0.04,0.34,0.01,5.42,0,0
0.58,0.98,0.98,0.66,9.86,0,1
0.39,0.48,0.83,0.84,4.28,0,1
0.37,0.3,0.29,0.66,8.55,1,0
0.8,0.45,0.61,0.12,10.46,0,0
0.49,0.46,0.48,0.35,6.3,0,0
0.54,0.34,0.61,0.22,4.13,1,0
0.62,0.05,0.64,1.0,8.92,1,1
0.51,0.18,0.23,0.8,6.15,0,0
0.65,0.37,0.03,0.94,8.22,1,1
0.59,0.99,0.54,0.47,11.16,1,1
0.78,0.93,0.2,0.04,10.0,1,1
0.41,0.51,0.72,0.17,6.97,1,0
0.36,0.6,0.57,0.38,7.27,0,0
0.61,0.18,0.19,0.7,7.73,0,0
0.79,0.76,0.93,0.45,4.76,0,1
0.52,0.83,0.82,0.56,9.21,1,1
0.78,0.22,0.31,0.28,11.14,0,0
0.6,0.49,0.19,0.09,11.28,0,0
0.65,0.48,0.94,0.7,10.78,1,1
0.47,0.33,0.49,0.29,7.08,1,0
0.57,0.71,0.93,0.23,7.76,1,1
0.88,0.41,0.39,0.76,9.27,1,0
0.77,0.18,0.74,0.1,9.28,1,0
0.4,0.32,0.9,0.41,11.8,0,1
0.46,0.55,0.28,0.53,10.67,1,0
0.73,0.21,0.7,0.14,10.66,0,0
0.54,0.3,0.68,0.75,10.11,1,0
0.43,0.94,0.86,0.64,4.82,0,1
0.86,0.83,0.95,0.38,9.22,1,1
0.47,0.25,0.66,0.2,11.31,1,0
0.82,0.85,0.49,0.34,8.62,0,1
0.33,0.67,0.69,0.49,5.42,1,0
0.65,0.58,0.0,0.7,4.9,0,0
0.81,0.78,0.02,0.76,10.29,1,1
0.69,0.63,0.12,0.8,10.23,1,0
0.86,0.93,0.91,0.16,5.48,1,1
0.82,0.07,0.39,0.37,11.5,1,0
0.63,0.38,0.05,0.52,6.4,1,0
0.9,0.87,0.7,0.48,8.31,0,1
0.56,0.68,0.74,0.9,11.28,0,1
0.47,0.29,0.66,0.51,8.74,0,0
0.57,0.88,0.05,0.4,6.68,1,1
0.3,0.6,0.99,0.16,6.85,0,1
0.84,0.18,0.75,0.23,6.95,1,0
0.49,0.51,0.04,0.72,10.32,0,0
0.44,0.86,0.39,0.63,10.75,1,1
0.41,0.97,0.63,0.84,7.08,0,1
0.38,0.89,0.19,0.09,9.95,0,1
0.75,0.36,0.59,0.17,4.89,1,0
0.68,0.01,0.26,0.03,10.07,1,0
0.75,0.14,0.8,0.31,8.36,0,0
0.56,0.14,0.8,0.04,7.01,1,0
0.52,0.08,0.11,0.3,11.79,0,0
0.63,0.92,0.96,0.74,8.38,0,1
0.81,0.39,0.61,0.13,8.83,0,0
0.55,0.55,0.19,0.23,4.13,0,0
0.61,0.0,0.15,0.07,11.99,0,0
0.88,0.31,0.49,0.28,9.58,1,0
0.74,0.43,0.99,0.6,9.95,0,1
0.53,0.68,0.53,0.32,10.12,0,0
0.41,0.13,0.57,0.25,9.41,1,0
0.31,0.27,0.05,0.13,6.44,0,0
0.6,0.68,0.68,0.62,9.38,0,0
0.31,1.0,0.42,0.18,4.34,1,1
0.4,0.09,0.29,0.85,5.71,1,1
0.89,0.58,0.91,0.83,4.7,0,1
0.84,0.17,0.47,0.58,11.71,1,0
0.73,0.25,0.49,0.18,6.57,1,0
0.69,0.76,0.17,0.75,5.14,1,1
0.51,0.81,0.81,0.76,4.35,1,1
0.68,0.83,0.13,0.44,8.22,1,1
0.3,0.11,0.02,0.17,11.86,1,0
0.65,0.38,0.44,0.06,4.66,1,0
0.75,0.76,0.42,0.43,5.41,1,1
0.89,0.34,0.87,0.95,8.01,0,1
0.87,0.2,0.94,0.56,8.44,0,1
0.62,0.8,0.61,0.48,11.69,0,1
0.36,0.69,0.87,0.57,11.99,1,1
0.37,0.1,0.55,0.81,4.76,0,1
0.69,0.48,0.78,0.24,9.19,1,0
0.56,0.66,0.06,0.28,8.27,0,0
0.9,0.67,0.65,0.84,6.18,1,1
0.64,0.6,0.21,0.45,11.77,0,0
0.43,0.71,0.01,0.73,5.81,0,1
0.85,0.11,0.2,0.95,11.9,1,1
0.86,0.74,0.41,0.84,6.69,1,1
0.73,0.2,0.57,0.64,8.85,1,0
0.34,0.01,0.08,0.35,5.83,1,0
0.41,0.23,0.65,0.32,10.75,0,0
0.33,0.09,1.0,0.82,11.64,0,1
0.88,0.72,0.08,0.06,7.85,0,1
0.48,0.57,0.86,0.39,6.15,0,1
0.3,0.88,0.01,0.62,9.37,0,1
0.42,0.36,0.43,0.65,5.09,1,0
0.36,0.41,0.03,0.39,7.09,1,0
0.57,0.56,0.6,0.59,5.48,1,0
0.61,0.08,0.17,0.55,11.7,1,0
0.37,0.36,0.29,0.17,8.17,0,0
0.86,0.24,0.9,0.78,7.88,1,1
0.64,0.44,0.91,0.37,7.2,0,1
0.35,0.32,0.16,0.04,9.27,0,0
0.54,0.38,0.93,0.72,11.97,0,1
0.8,0.79,0.47,0.37,6.16,0,1
0.37,0.07,0.03,0.53,4.88,0,0
0.43,0.63,0.26,0.95,8.47,1,1
0.76,0.4,0.81,0.22,4.42,0,0
0.47,0.54,0.87,0.42,9.95,1,1
0.76,0.46,0.75,0.74,4.63,0,0
0.86,0.1,0.36,0.82,10.35,1,1
0.31,0.8,0.38,0.15,12.0,1,1
0.89,0.43,0.67,0.43,5.72,1,0
0.63,0.11,0.08,0.51,8.1,1,0
0.8,0.8,0.34,0.22,6.91,1,1
0.4,0.88,0.93,0.3,8.99,1,1
0.76,0.02,0.0,0.85,9.03,1,1
0.4,0.15,0.49,0.14,6.78,0,0
0.46,0.52,0.6,0.41,8.82,1,0
0.49,0.6,0.89,0.57,6.24,0,1
0.9,0.57,0.95,0.29,6.47,0,1
0.54,0.99,0.31,0.89,10.16,0,1
0.54,0.72,0.07,0.86,7.15,0,1
0.69,0.96,0.65,0.13,4.2,0,1
0.63,0.34,0.36,0.11,9.85,1,0
0.72,0.41,0.19,0.31,8.55,0,0
0.32,0.5,0.22,0.3,5.61,1,0
0.41,0.35,0.31,0.52,7.12,0,0
0.51,0.94,0.45,0.88,6.98,1,1
0.33,0.13,0.14,0.77,7.3,1,0
0.7,0.95,0.29,0.2,7.38,1,1
0.62,0.23,0.65,0.12,10.16,0,0
0.65,0.59,0.8,0.99,6.42,1,1
0.35,0.09,0.77,0.65,8.72,1,0
0.4,0.71,0.9,0.25,11.92,0,1
0.84,0.86,0.51,0.8,11.05,1,1
0.84,0.17,0.57,0.66,9.26,1,0
0.69,0.37,0.62,0.11,7.62,1,0
0.51,0.78,0.07,0.19,11.61,1,1
0.84,0.47,0.89,0.98,9.23,0,1
0.55,0.85,0.73,0.95,11.79,0,1
0.32,0.52,0.59,0.78,5.35,0,0
0.31,0.35,0.78,0.2,4.18,1,0
0.39,0.74,0.0,0.39,9.24,1,1
0.75,0.26,0.86,0.75,11.9,0,1
0.89,0.73,0.63,0.23,10.23,0,1
0.46,0.28,0.07,0.37,4.99,0,0
0.68,0.09,0.75,0.64,6.7,1,0
0.32,0.05,0.54,0.84,11.62,0,1
0.6,0.74,0.09,0.27,6.48,0,1
0.55,0.91,0.99,0.4,11.14,1,1
0.56,0.74,0.42,0.16,8.22,1,1
0.88,0.72,0.27,0.19,9.98,1,1
0.53,0.74,0.61,0.19,8.05,1,1
0.4,0.02,0.92,0.98,6.74,0,1
0.84,0.15,0.76,0.99,11.11,0,1
0.55,0.76,0.56,0.93,9.69,0,1
0.82,0.65,0.69,0.01,11.19,1,0
0.54,0.19,0.92,0.23,5.23,1,1
0.67,0.23,0.16,0.17,11.35,0,0
0.54,0.58,0.95,0.39,4.17,0,1
0.84,0.61,0.71,0.4,5.14,0,0
0.41,0.17,0.4,0.42,10.19,1,0
0.74,0.06,0.86,0.53,5.03,1,1
0.53,0.87,0.23,0.49,6.43,1,1
0.52,0.03,0.34,0.65,10.65,0,0
0.41,0.15,0.72,0.29,5.06,0,0
0.44,0.35,0.19,0.24,7.88,0,0
0.7,0.34,0.34,0.56,4.62,1,0
0.86,0.46,0.46,0.38,11.57,1,0
0.69,0.73,0.58,0.16,10.39,1,1
0.45,0.83,0.36,0.83,11.23,1,1
0.52,0.31,0.69,0.77,10.91,0,0
0.34,0.43,0.6,0.53,9.56,1,0
0.38,0.83,0.69,0.9,5.07,1,1
0.85,0.81,0.64,0.67,7.88,0,1
0.41,0.9,0.61,0.35,4.48,1,1
0.37,0.22,0.36,0.3,4.05,0,0
0.47,0.68,0.74,0.62,5.64,1,0
0.63,0.13,0.17,0.36,11.78,1,0
0.81,0.32,0.17,0.6,9.48,0,0
0.5,0.38,0.14,0.89,8.63,1,1
0.68,0.05,0.7,0.26,6.58,1,0
0.81,0.5,0.68,0.56,11.33,0,0
0.43,0.96,0.14,0.31,10.17,0,1
0.68,0.2,0.39,0.19,5.19,1,0
0.83,0.3,0.91,0.21,6.8,0,1
0.34,0.8,0.79,0.8,5.83,1,1
0.8,0.5,0.99,0.77,5.72,1,1
0.66,0.25,0.2,0.28,11.47,0,0
0.67,0.84,0.15,0.6,7.71,1,1
0.43,0.7,0.08,0.3,5.53,0,0
0.61,0.09,0.6,0.04,4.65,1,0
0.54,0.74,0.58,0.57,6.34,1,1
0.83,0.59,0.31,0.4,5.67,1,0
0.34,0.31,0.95,0.59,6.07,0,1
0.6,0.6,0.87,0.89,8.76,0,1
0.35,0.18,0.76,0.2,4.26,1,0
0.55,0.54,0.56,0.03,5.1,0,0
0.46,0.41,0.94,0.44,4.03,1,1
0.67,0.96,0.92,0.68,5.15,0,1
0.45,0.32,0.65,0.32,7.74,0,0
0.68,0.22,0.04,0.36,9.36,0,0
0.79,0.98,0.54,0.88,9.86,1,1
0.58,0.57,0.89,0.98,4.87,1,1
0.84,0.01,0.32,0.89,9.88,0,1
0.88,0.87,0.94,0.55,8.38,1,1
0.73,0.25,0.51,0.64,4.64,0,0
0.51,0.07,0.48,0.05,6.57,1,0
0.52,0.29,0.42,0.6,5.18,1,0
0.56,0.71,0.19,0.86,7.61,1,1
0.53,0.31,0.63,0.48,4.54,0,0
0.42,0.72,0.91,0.56,7.66,1,1
0.69,0.22,0.25,0.67,10.84,1,0
0.82,0.66,0.09,0.99,6.97,1,1
0.67,0.28,0.54,0.15,8.63,1,0
0.4,0.61,0.36,0.4,9.74,0,0
0.84,0.17,0.7,0.22,5.84,1,0
0.42,0.22,0.95,0.04,8.29,0,1
0.46,0.36,0.94,0.05,7.57,0,1
0.32,0.45,0.44,0.84,7.64,0,1
0.32,0.21,0.65,0.31,5.0,0,0
0.59,0.66,0.87,0.58,7.58,0,1
0.81,0.73,0.76,0.75,10.61,1,1
0.49,0.92,0.91,0.32,7.79,1,1
0.82,0.99,0.69,0.5,6.86,0,1
0.88,0.13,0.21,0.14,8.78,0,0
0.36,0.13,0.8,0.99,4.84,1,1
0.39,0.74,0.92,0.95,5.97,1,1
0.44,0.45,0.09,0.68,5.15,1,0
0.89,0.26,0.27,0.02,8.97,1,0
0.84,0.92,0.9,0.28,11.49,0,1
0.51,0.21,0.5,0.92,10.22,0,1
0.61,0.9,0.65,0.53,4.97,0,1
0.31,0.1,0.41,0.71,8.19,0,0
0.34,0.25,0.2,0.56,5.12,0,0
0.81,0.76,0.46,0.59,8.61,1,1
0.65,0.15,0.89,0.92,7.57,1,1
0.48,0.63,0.11,0.86,7.75,1,1
0.71,0.88,0.14,0.21,9.92,1,1
0.79,0.51,0.03,0.97,4.14,0,1
0.4,0.46,0.97,0.59,4.21,1,1
0.34,0.03,0.56,0.78,8.72,0,0
0.78,0.41,0.1,0.9,7.31,1,1
0.65,0.56,0.31,0.55,7.14,0,0
0.31,0.08,0.6,0.82,6.27,1,1
0.73,0.28,0.55,0.32,6.64,0,0
0.68,0.94,0.32,0.2,10.03,1,1
0.43,0.23,0.21,0.52,7.87,1,0
0.48,0.61,0.84,0.91,8.12,0,1
0.49,0.54,0.51,0.77,11.42,1,0
0.73,0.51,0.53,0.8,8.48,0,0
0.53,0.71,0.55,0.15,9.2,0,1
0.57,0.47,0.73,0.96,5.07,1,1
0.85,0.0,0.54,0.48,9.93,0,0
0.49,0.27,0.01,0.4,4.34,1,0
0.8,0.18,0.49,0.82,4.87,1,1
0.61,0.67,0.53,0.68,4.02,1,0
0.9,0.36,0.73,0.62,11.33,0,0
0.84,0.99,0.26,0.04,11.0,1,1
0.42,0.41,0.43,0.05,8.87,0,0
0.88,0.2,0.07,0.21,6.68,1,0
0.7,0.29,0.74,0.51,7.47,1,0
0.41,0.85,0.7,0.54,10.57,1,1
0.74,0.78,0.94,0.99,7.01,1,1
0.48,0.13,0.72,0.08,6.47,1,0
0.58,0.11,0.37,0.77,4.8,1,0
0.57,0.11,0.88,0.89,7.51,1,1
0.35,0.79,0.58,0.68,10.53,1,1
0.38,0.21,0.29,0.61,9.0,1,0
0.65,0.86,0.1,0.05,9.45,1,1
0.73,0.1,0.51,0.15,6.24,0,0
0.75,0.75,0.3,0.91,8.85,1,1
0.59,0.5,0.94,0.72,5.59,1,1
0.45,0.92,0.2,0.26,5.99,1,1
0.87,0.98,0.75,0.36,9.93,0,1
0.3,0.63,0.9,0.01,7.5,1,1
0.69,0.48,0.28,0.29,11.89,0,0
0.38,0.06,0.51,0.02,5.25,1,0
0.51,0.83,0.3,0.88,8.55,1,1
0.39,0.48,0.71,0.23,4.66,0,0
0.33,0.83,0.86,0.61,11.52,1,1
0.8,0.44,0.14,0.54,11.59,0,0
0.78,0.67,0.91,0.54,9.99,0,1
0.76,0.22,0.0,0.21,11.9,1,0
0.51,0.91,0.32,0.27,6.11,0,1
0.7,0.36,0.96,0.31,8.31,1,1
0.4,0.28,0.45,0.42,7.64,0,0
0.83,0.66,0.68,0.97,10.77,1,1
0.65,0.35,0.37,0.13,11.9,0,0
0.47,0.61,0.31,0.11,9.23,0,0
0.86,0.89,0.74,0.62,7.5,1,1
0.65,0.95,0.27,0.8,4.0,0,1
0.84,0.94,0.96,0.01,6.01,0,1
0.69,0.43,0.37,0.08,5.44,0,0
0.33,0.07,0.95,0.01,7.87,0,1
0.38,0.61,0.76,0.37,6.92,0,0
0.78,0.84,0.14,0.33,8.66,1,1
0.81,0.5,0.32,0.3,11.77,0,0
0.64,0.94,0.12,0.65,9.82,1,1
0.67,0.3,0.21,0.1,8.68,1,0
0.54,0.9,0.3,0.45,5.73,1,1
0.88,0.57,0.42,0.28,4.54,0,0
0.48,0.17,0.57,0.17,11.32,1,0
0.72,0.24,0.02,0.47,9.59,1,0
0.44,0.21,0.06,0.34,6.23,1,0
0.32,0.96,0.46,0.61,7.68,1,1
0.45,0.93,0.02,0.68,6.64,1,1
0.4,0.28,0.77,0.12,10.03,1,0
0.56,0.6,0.01,0.29,4.14,1,0
0.82,0.58,0.49,0.76,10.03,1,0
0.45,0.27,0.83,0.21,7.34,1,0
0.74,0.67,0.54,0.77,4.64,1,0
0.32,0.12,0.68,0.74,4.68,0,0
0.52,0.25,0.05,0.75,5.66,1,0
0.33,0.47,0.49,0.91,9.93,0,1
0.56,0.37,0.24,0.73,9.03,1,0
0.63,0.71,0.85,0.11,8.04,1,1
0.54,0.99,0.56,0.66,4.25,1,1
0.56,0.8,0.17,0.27,9.61,1,1
0.69,0.12,0.73,0.51,4.98,1,0
0.37,0.04,0.51,0.58,7.4,1,0
0.57,0.19,0.82,0.5,6.74,1,0
0.36,0.12,0.81,0.17,11.43,0,0
0.88,0.53,1.0,0.11,9.17,0,1
0.77,0.08,0.67,0.07,10.86,0,0
0.36,0.47,0.18,0.75,9.04,0,0
0.78,0.59,0.93,0.9,5.52,1,1
0.77,0.54,0.87,0.71,11.01,1,1
0.54,0.73,0.51,0.18,6.25,0,1
0.41,0.35,0.26,0.45,5.05,0,0
0.4,0.36,0.01,0.87,5.84,0,1
0.56,0.08,0.21,0.67,8.84,1,0
0.84,0.24,0.88,0.74,4.42,0,1
0.47,0.23,0.75,0.59,9.79,0,0
0.42,0.32,0.73,0.37,10.93,1,0
0.89,0.04,0.83,0.65,9.13,1,0
0.84,0.84,0.12,0.89,11.3,0,1
0.56,0.15,0.19,0.04,4.89,1,0
0.48,0.92,0.56,0.77,9.64,1,1
0.89,0.97,0.84,0.85,11.24,0,1
0.84,0.6,0.31,0.4,6.98,0,0
0.74,0.03,0.4,0.86,4.95,1,1
0.67,0.44,0.12,0.07,9.21,0,0
0.73,0.02,0.7,0.04,4.46,0,0
0.7,0.97,0.28,0.96,11.83,1,1
0.55,0.59,0.49,0.73,6.13,0,0
0.71,0.79,0.84,0.81,9.17,1,1
0.85,0.46,0.35,0.38,11.54,1,0
0.68,0.85,0.36,0.44,11.24,1,1
0.4,0.47,0.06,0.2,8.41,1,0
0.63,0.2,0.24,0.71,11.61,1,0
0.67,0.57,0.52,0.6,8.74,0,0
0.59,0.17,0.88,0.13,10.89,0,1
0.35,0.27,0.23,0.86,9.9,0,1
0.86,0.79,0.97,0.84,8.81,1,1
0.56,0.12,0.38,0.37,5.07,0,0
0.88,0.08,0.35,0.46,8.32,0,0
0.66,0.81,0.63,0.67,8.46,0,1
0.82,0.96,0.14,0.61,10.25,1,1
0.7,0.3,0.75,0.03,10.18,1,0
0.42,0.88,0.96,0.4,8.77,0,1
0.75,0.71,0.46,0.84,4.93,1,1
0.51,0.11,0.12,0.64,9.9,1,0
0.71,0.26,0.99,0.23,11.06,1,1
0.39,0.18,0.07,0.53,5.16,0,0
0.37,0.21,0.49,0.02,4.97,0,0
0.89,0.17,0.27,0.94,9.21,0,1
0.47,0.2,0.21,0.71,11.14,0,0
0.33,0.57,0.27,0.49,6.74,1,0
0.37,0.57,0.68,0.27,7.83,0,0
0.57,0.33,0.09,0.66,8.89,0,0
0.8,0.11,0.57,0.84,7.52,1,1
0.52,0.79,0.01,0.9,11.46,1,1
0.64,0.49,0.92,1.0,9.24,0,1
0.33,0.81,0.92,0.06,5.64,0,1
0.67,0.23,0.42,0.16,5.13,1,0
0.4,0.71,0.13,0.52,10.44,0,1
0.42,0.47,0.55,0.78,7.1,1,0
0.61,0.38,0.17,0.13,4.39,1,0
0.34,0.68,0.34,0.74,5.75,0,0
0.61,0.67,0.21,0.98,10.55,0,1
0.63,0.94,0.7,0.01,10.88,0,1
0.53,0.15,0.69,0.05,10.83,1,0
0.83,0.98,0.52,0.02,6.26,1,1
0.64,0.24,0.49,0.77,8.13,0,0
0.35,0.64,0.56,0.82,4.02,0,1
0.83,0.14,0.64,0.06,6.36,1,0
0.61,0.67,0.69,0.61,8.19,0,0
0.9,0.55,0.18,0.65,8.13,0,0
0.8,0.14,0.94,0.72,6.59,0,1
0.59,0.07,0.22,0.76,7.64,0,0
0.56,0.73,0.81,0.09,7.4,1,1
0.42,0.19,0.99,0.87,6.0,0,1
0.39,0.25,0.57,0.02,11.94,1,0
0.7,0.51,0.31,0.63,5.65,1,0
0.38,0.6,0.01,0.24,4.96,0,0
0.54,0.83,0.76,0.36,10.52,1,1
0.43,0.36,0.6,0.98,11.08,1,1
0.41,0.77,0.83,0.5,8.51,0,1
0.57,0.59,0.2,0.29,5.13,1,0
0.48,0.76,0.52,0.1,9.89,1,1
0.38,0.84,0.0,0.64,10.25,0,1
0.37,0.45,0.93,0.13,6.82,0,1
0.47,0.94,0.77,0.45,6.51,0,1
0.53,0.06,0.68,0.44,10.43,1,0
0.88,0.01,0.36,0.08,7.62,0,0
0.56,0.85,1.0,0.7,9.62,0,1
0.84,0.67,0.33,0.96,4.89,1,1
0.74,0.65,0.95,0.02,10.22,1,1
0.39,0.01,0.63,0.03,4.65,0,0
0.82,1.0,0.91,0.92,4.35,1,1
0.7,0.28,0.23,0.29,11.17,0,0
0.83,0.33,0.51,0.7,7.25,0,0
0.8,0.1,0.75,0.55,4.51,0,0
0.8,0.21,0.51,0.53,4.53,0,0
0.46,0.21,0.69,0.13,9.55,0,0
0.49,0.44,0.47,0.87,4.29,0,1
0.84,0.56,0.65,0.72,8.59,0,0
0.68,0.49,0.46,0.75,5.56,1,0
0.85,0.25,0.89,0.52,6.02,1,1
0.69,0.21,0.82,0.09,10.72,0,0
0.45,0.61,0.54,0.73,9.36,0,0
0.61,0.79,0.42,0.12,10.66,1,1
0.81,0.86,0.93,0.09,4.96,0,1
0.86,0.91,0.08,0.63,8.02,1,1
0.37,0.42,0.41,0.75,11.71,1,0
0.89,0.18,0.14,0.32,9.68,0,0
0.7,0.47,0.8,0.68,11.13,0,0
0.88,0.24,0.4,0.27,10.28,1,0
